model_name,cutoff
Pairwise_SGD,0.984833121299744
Pairwise_RMS,0.98549234867096
Pairwise_LARS,0.985756456851959
Triplet_SGD,0.837107062339783
Triplet_LARS,0.837441027164459
Triplet_RMS,0.834947109222412
InfoNCE_SGD,0.813621044158935
InfoNCE_LARS,0.774590134620667
Supervised_SGD,1.00399816036224
Supervised_RMS,0.943155884742737
Supervised_LARS,1.51905393600464
InfoNCE_RMS,0.787672996520996
