epoch,train_loss,val_loss,
0,0.020458384517344344,0.018139378915194078
1,0.01920578042800102,0.018274354090825395
2,0.018634780985156724,0.018722698267401493
3,0.018201766043892866,0.019037761748177468
4,0.01804549223715075,0.01920232775679027
