epoch,train_loss,val_loss,
0,0.01997378109006475,0.0168942222949111
1,0.01830539986937785,0.016735313769955944
2,0.017677052508216176,0.016704683071953278
3,0.01728267725686792,0.016664843838510763
4,0.01706067388157443,0.016696229415030517
5,0.01672070701828014,0.016700078111492305
6,0.016648763480478664,0.01666290985003616
7,0.016588774818957007,0.01650223292700942
8,0.016405477649330407,0.016539862506137905
9,0.01632869649008627,0.01652255368245791
