epoch,train_loss,val_loss,
0,0.01923894548854844,0.018134976225787667
1,0.01771326123580989,0.01746732128709761
2,0.01698152352084037,0.01738958232080115
3,0.01659489045065404,0.01793688917151356
4,0.01635156037905189,0.01789459218284497
5,0.016193607615073876,0.017966535492686557
6,0.016045029229696636,0.01806230904004752
7,0.016031031409120104,0.01781202972866669
