epoch,train_loss,val_loss,
0,0.0009072916480733288,0.0006155841153202012
1,0.0007474667069473264,0.0006071282626105247
2,0.0006755743303934847,0.0006112576253153156
3,0.000622697204562073,0.0006090484334810005
4,0.0005818563302182187,0.0006248008744864423
