epoch,train_loss,val_loss,
0,0.000909606578941159,0.0006100024678929909
1,0.0007497533216419948,0.0006063883142230216
2,0.0006773598031962566,0.0006136004207487572
3,0.0006243855094763166,0.0006155842099466119
4,0.0005819586807434679,0.0006248665826522157
5,0.0005461724469509951,0.0006333610002495981
