epoch,train_loss,val_loss,
0,0.0012283786344025563,0.0006490580234526195
1,0.0010689459031494345,0.0006446683521073191
2,0.0010180241510004172,0.0006407051469870046
3,0.0009839650209860227,0.0006391492601193344
4,0.0009573873881228834,0.0006355559903098436
5,0.0009360048534531789,0.0006325050872470352
6,0.0009171228684180317,0.0006310799234633599
7,0.0009008978370189771,0.0006293491231312416
8,0.0008877745818425122,0.0006245822593923207
9,0.0008764606717927927,0.0006217822101627367
