epoch,train_loss,val_loss,
0,0.0011080120791321145,0.0006478736368729308
1,0.0009116799151811465,0.0006402102376191287
2,0.0008572038808587538,0.0006433083043569585
3,0.000822965066267707,0.0006394630980715405
4,0.0007980065240346634,0.0006382027878766405
5,0.0007773928940621146,0.0006299033707615916
6,0.0007603867958510806,0.0006386800283585215
7,0.0007437231058725679,0.0006341926872849144
8,0.0007305513098091276,0.0006383531555081502
9,0.0007176721454647143,0.0006334274294086575
