epoch,train_loss,val_loss,
0,0.005080994939974527,0.004215620839679388
1,0.004755287802754702,0.004159302230887954
2,0.004643049743276101,0.004138857319387435
3,0.004559124026743476,0.0041202179495446285
4,0.004500523326911067,0.004110324574983531
5,0.004456154107120792,0.004104110328152086
6,0.004405802361139251,0.004094861387332551
7,0.004374806787149337,0.004099496160790204
8,0.004353340615133488,0.004095817470026178
9,0.004320088176461493,0.004097702492565182
