epoch,train_loss,val_loss,
0,0.005732708867834239,0.0043562139136280546
1,0.005200492659188825,0.004287537063530947
2,0.005033902530746581,0.004254379809612018
3,0.004929434351245207,0.004231722038310485
4,0.004884115584852458,0.004212265388222385
