epoch,train_loss,val_loss,
0,0.004810070424487982,0.004241289378884393
1,0.004432702841550916,0.0042046194301607045
2,0.004294468878015761,0.004224206747220417
3,0.004215071762831204,0.00420018777542554
4,0.0041800233721849414,0.0041923328008719625
5,0.00414276059598389,0.004257549881884457
6,0.004123950416462079,0.00417121589196473
7,0.004124228089302604,0.004245487325719909
8,0.00409844203165021,0.004261695435274625
9,0.004096698639265659,0.004185805751879166
