epoch,train_loss,val_loss,
0,0.004868587045649579,0.004155623434365581
1,0.0044713311512109,0.004094162559286361
2,0.004316247613093281,0.004095126762257907
3,0.004226765571797171,0.004064412335550537
4,0.004158925705059534,0.004078372120793911
5,0.004125693613523585,0.004065682562966575
6,0.00408616921024779,0.0040446211008811775
7,0.004086325256930532,0.004091616055963397
8,0.004065191804781482,0.004075995771886438
9,0.004052170556263409,0.004082696361145059
