epoch,train_loss,train_accuracy,train_auroc,train_f1,val_loss,val_accuracy,val_auroc,val_f1
0,0.005874246071666612,0.9578660726547241,0.9812036156654358,0.9589400291442871,0.0029982365228083735,0.9671483039855957,0.9945249557495117,0.9681433439254761
1,0.0029380286937079913,0.9623741507530212,0.9928580522537231,0.9632611870765686,0.0024866806907018054,0.968168318271637,0.9954136610031128,0.9690560102462769
2,0.0025985266200957754,0.9624847173690796,0.9944846630096436,0.9631485342979431,0.00231791071462553,0.9686782956123352,0.9959703087806702,0.9694886803627014
3,0.002414524190598485,0.9617951512336731,0.9952259063720703,0.9622531533241272,0.0022774654857262563,0.9698257446289062,0.9962554574012756,0.9705907106399536
4,0.002267509679171159,0.9623286128044128,0.9958896636962891,0.9626032710075378,0.0024410244978388834,0.9679558277130127,0.9958627223968506,0.9685989618301392
5,0.0021852105820462228,0.9617756605148315,0.9961594939231873,0.9618094563484192,0.002486164424099587,0.9679983258247375,0.9955929517745972,0.9685871005058289
6,0.0020709864870308748,0.9621529579162598,0.9966462254524231,0.9618756771087646,0.0025934953147696256,0.9660433530807495,0.9956637620925903,0.9664666652679443
7,0.0020042160403858523,0.9621464610099792,0.9968476891517639,0.9617429971694946,0.0025656656435537645,0.9679133296012878,0.9961307644844055,0.9682172536849976
8,0.0019390701650996405,0.96369469165802,0.9970818161964417,0.9632493257522583,0.002854501374869206,0.9669358134269714,0.9957554340362549,0.967278003692627
